id,ntype,label
user:angelessanrroma,user,angelessanrroma
user:imaria84197,user,imaria84197
user:hernand09064134,user,hernand09064134
user:bok3ron84,user,bok3ron84
user:wangtunfrito,user,wangtunfrito
user:odiadoratodo,user,odiadoratodo
user:lydiapanter,user,lydiapanter
user:ferdiazdiaz2000,user,ferdiazdiaz2000
user:jfsj1964,user,jfsj1964
user:samv1543906,user,samv1543906
user:obnibium,user,obnibium
user:mazito95,user,mazito95
user:jorgehi19425539,user,jorgehi19425539
user:laquefaltaba10,user,laquefaltaba10
user:rerumnovarumxiv,user,rerumnovarumxiv
user:lagrima75,user,lagrima75
user:generalwolf821,user,generalwolf821
user:adrianaveterin,user,adrianaveterin
user:bodeloncelia,user,bodeloncelia
user:atlanticsurff,user,atlanticsurff
user:corajeespana,user,corajeespana
user:pabloharour,user,pabloharour
user:boira__,user,boira__
user:lolaandaluza,user,lolaandaluza
user:franxuh_,user,franxuh_
user:el_as_del_legon,user,el_as_del_legon
user:nakamonosatoshi,user,nakamonosatoshi
user:k2maskedos,user,k2maskedos
user:yowah2i,user,yowah2i
user:diazperez51914,user,diazperez51914
user:lletrosergi,user,lletrosergi
user:guillermorocaf1,user,guillermorocaf1
user:marccbg,user,marccbg
user:andvilla1,user,andvilla1
user:fabril,user,fabril
user:capri9015,user,capri9015
user:acastagne,user,acastagne
user:verew13,user,verew13
user:pedrovalen53941,user,pedrovalen53941
user:andesspo,user,andesspo
user:juanjodemocrata,user,juanjodemocrata
user:gary_garcia_lc,user,gary_garcia_lc
user:urkyland,user,urkyland
user:miguelcontigo,user,miguelcontigo
user:jaeg1970,user,jaeg1970
user:tugonews,user,tugonews
user:laranarene7933,user,laranarene7933
user:jobemofa,user,jobemofa
user:antonioruizalb1,user,antonioruizalb1
user:tadeoeus,user,tadeoeus
user:maraojiplatica,user,maraojiplatica
user:anamkra,user,anamkra
user:jav646,user,jav646
user:elsisifofeliz,user,elsisifofeliz
user:despistao84,user,despistao84
user:aniscartujopapi,user,aniscartujopapi
user:baneadomike,user,baneadomike
user:algabahd,user,algabahd
user:antonio52021598,user,antonio52021598
user:ferna1_diez,user,ferna1_diez
user:manuel_palao_l,user,manuel_palao_l
user:federicograu4,user,federicograu4
user:curricu1973,user,curricu1973
user:8qhpq5cyxg,user,8qhpq5cyxg
user:salvamekofrade8,user,salvamekofrade8
user:danidani34205,user,danidani34205
user:alvisepereznews,user,alvisepereznews
user:anto05466940,user,anto05466940
user:angelh49,user,angelh49
user:vania96590847,user,vania96590847
user:tthoro_veloz,user,tthoro_veloz
user:quotesforgoal,user,quotesforgoal
user:maiteluna73,user,maiteluna73
user:betaniatv,user,betaniatv
user:fereze,user,fereze
user:filomatick,user,filomatick
user:sofia67926381,user,sofia67926381
user:critiquero,user,critiquero
user:donabrahan3,user,donabrahan3
user:ineslorenzo,user,ineslorenzo
user:diglossos,user,diglossos
topic:#rigging,topic,#rigging
topic:#urgent,topic,#urgent
topic:pucherazo,topic,pucherazo
topic:fraude,topic,fraude
topic:fraude electoral,topic,fraude electoral
topic:#sánchezcorrupción,topic,#sánchezcorrupción
topic:#psoecorrupción,topic,#psoecorrupción
topic:#proof,topic,#proof
topic:#pucherazoindra,topic,#pucherazoindra
topic:#pucherazo,topic,#pucherazo
topic:#vivavox,topic,#vivavox
topic:#vivaespaña,topic,#vivaespaña
topic:#exclusive,topic,#exclusive
topic:#alert,topic,#alert
topic:compra de votos,topic,compra de votos
candidate:franco parisi,candidate,franco parisi
candidate:kast,candidate,kast
candidate:parisi,candidate,parisi
